iter	MultiClass
0	0.6877883195
1	0.6804910773
2	0.6745741673
3	0.6692035251
4	0.662623099
5	0.657732062
6	0.6505825449
7	0.6457781742
8	0.6434278307
9	0.6383174983
10	0.632023511
11	0.6283241133
12	0.6256095943
13	0.6216804855
14	0.6168619213
15	0.6139312344
16	0.6106551768
17	0.6057837576
18	0.6019498589
19	0.5975424648
20	0.5940795525
21	0.5888707752
22	0.584300472
23	0.5808831729
24	0.5771377532
25	0.5731308095
26	0.5707538619
27	0.5665335097
